"Region, subregion, country or area *",0-9,Oct-19,20-29,30-39,40-49,50-59,60-69,70-79,80+,weighted_fatality,population
Philippines,22014.294,21369.695,19584.114,15501.927,12311.227,9366.92,5878.871,1759.248,914.418,0.008792,108700.714
Malaysia,22014.294,21369.695,19584.114,15501.927,12311.227,9366.92,5878.871,1759.248,914.418,0.007924,108700.714
Laos,22014.294,21369.695,19584.114,15501.927,12311.227,9366.92,5878.871,1759.248,914.418,0.008856,108700.714
