,country,popt,ifr_NCD,ifr_noNCD
1,Philippines,108700714,0.004838215,0.003368069
2,Malaysia,28552712,0.004224531,0.004563673
