,country,popt,ifr_NCD,ifr_noNCD
1,Philippines,108700714,0.010017094,0.003368069
2,Malaysia,28552712,0.008115769,0.004224531
3,Laos,5621322,0.010527081,0.002680901
